{"admin":{"user":{"firstName":"Admin","lastName":"Admin","address":"Admin st","city":"Admin City","country":"Israel","houseNum":"1","email":"admin","zip":"1234567"},"password":"admin","orders":{"csvg8d8cjzvbrit6":{"total":8,"totalPrice":41.50000000000006,"payment":{"expYear":"09","expMonth":"09","cardName":"admin admin","cardNum":"123123","cvv":"123"},"items":{"Tofu Tod":8},"date":1567000710905}},"currentItems":{"Gelato":5,"Khao Tom Mud":1}},"g@g.com":{"user":{"firstName":"gfirst","lastName":"glast","address":"gaddress","city":"gcity","country":"Israel","houseNum":"ghouseNum","zip":"1234567","email":"g@g.com"},"password":"g","currentItems":{"Gai Of Nuur Satay":12},"orders":{"1a7yo4a8jzr6ej0l":{"total":4,"totalPrice":20.1,"payment":{"expYear":"10","expMonth":"11","cardName":"123","cardNum":"123","cvv":"123"},"items":{"Fried Spring Rolls":1,"Gai Of Nuur Satay":1,"Tofu Tod":1,"Fresh Thai Summer Roll":1},"date":1566749841860}}},"new@new.com":{"user":{"firstName":"New","lastName":"New","address":"NEW","city":"New","country":"Israel","houseNum":"NEW","email":"new@new.com","zip":"NEW"},"password":"1234","orders":{},"currentItems":{"Gai Of Nuur Satay":1,"Tofu Tod":1,"Fresh Thai Summer Roll":1}}}